Variable,#_Nulls,%
age,79,0.7883444765991418
geography,41,0.409140804310947
creditscore,1,0.009979044007584073
surname,1,0.009979044007584073
gender,1,0.009979044007584073
tenure,1,0.009979044007584073
